{
    "rmse": 0.7294888116251943,
    "mae": 0.5669122201187224,
    "r2": 0.21423575147598162
}