{
    "rmse": 0.642626594870647,
    "mae": 0.505685596367265,
    "r2": 0.300045228555315
}