{
    "rmse": 0.6459072485376784,
    "mae": 0.5135711826445045,
    "r2": 0.3483791544805954
}