{
    "rmse": 0.6403628668775756,
    "mae": 0.5116626600005708,
    "r2": 0.3288563078171133
}