{
    "rmse": 0.6967593073364783,
    "mae": 0.5494670238786525,
    "r2": 0.2610120236930348
}