{
    "rmse": 0.6539415160834194,
    "mae": 0.5149104221653823,
    "r2": 0.36077204539282903
}