{
    "rmse": 0.6338533054544724,
    "mae": 0.4982105312378418,
    "r2": 0.31972568094215936
}